ConsultantID,FirstName,LastName,Email,Phone,BusinessUnitID,resource_type
1,Adam,Schultz,Hattie.Doyle52@hotmail.com,(333) 242-8064 x728,3,Junior
2,Angie,Simonis,Velda3@hotmail.com,572.855.2926,2,Senior
3,Elton,Pouros,Kole_Boehm@gmail.com,538-283-3245,1,Junior
4,Tamia,Roberts,Adolph.Langosh@gmail.com,850.690.1415 x66765,2,Senior
5,Aiyana,Grimes,Brandt6@gmail.com,1-880-290-9687,5,Mid
6,Olen,Hettinger,Jewel.Cormier@yahoo.com,1-577-898-4388 x52310,1,Junior
7,Claudine,Braun,Lavada.Runte27@gmail.com,(827) 738-7534 x566,1,Mid
8,Julien,Wisoky,Evans49@gmail.com,893-221-0763 x4342,4,Junior
9,Gus,Durgan,Jose_Stoltenberg@yahoo.com,1-773-248-5159 x61691,1,Junior
10,Lilly,Klein,Providenci19@yahoo.com,902-804-8772,5,Senior
11,Brandi,Oberbrunner,Cora_Gleason68@hotmail.com,(700) 966-7060 x7790,2,Junior
12,Maymie,Koepp,Brandon_Yost-Gulgowski@yahoo.com,292-275-1494 x551,2,Lead
13,Christian,Kutch,Bridget.Hodkiewicz@hotmail.com,268.499.5344 x408,4,Junior
14,Santa,Bauch,Arno64@yahoo.com,(898) 689-0932 x6062,5,Junior
15,Emile,Haag,Keon.Robel@yahoo.com,791-850-4453 x8476,2,Senior
16,Daryl,Kreiger,Hertha_Stracke63@hotmail.com,1-669-532-2924,3,Mid
17,Evan,Raynor,Ocie70@gmail.com,1-790-800-9027 x0674,5,Junior
18,Carlo,Hoppe,Roman_Keeling81@hotmail.com,(801) 446-8485 x2480,5,Mid
19,Edison,Volkman,Quinten16@yahoo.com,839.490.0878 x967,4,Junior
20,Izabella,McGlynn,Emma_Olson36@hotmail.com,334.792.7578,2,Lead
21,Domingo,Mayer,Carey.Koepp@hotmail.com,437.322.5611 x451,5,Mid
22,Roselyn,Franecki,Dorothy_Muller55@hotmail.com,709.283.7952,2,Senior
23,Teagan,Quitzon,Sydney_Padberg@yahoo.com,1-255-962-3929 x9354,3,Lead
24,Wilburn,Lind,Cooper1@yahoo.com,(826) 810-4599,4,Mid
25,Faye,Stracke,Glen_Auer@gmail.com,331.262.3781 x6712,3,Principal
26,Hubert,Bartell,Mabel43@yahoo.com,269.655.0159,4,Mid
27,Devyn,Gislason,George_Bergstrom@gmail.com,878-852-0930 x15371,5,Executive
28,Xzavier,Rice,Nayeli.Sipes34@gmail.com,948-363-3255 x374,4,Junior
29,Antonia,Predovic,Ethel_DuBuque@gmail.com,1-695-449-6855 x9320,1,Senior
30,Ethelyn,Wolff,Geovanni.Schmeler@hotmail.com,742-547-2406 x24938,2,Mid
31,Roxane,Mosciski,Raymond10@gmail.com,225-690-0920,2,Mid
32,Jazmyne,Hayes,Kamryn.Kuhlman@yahoo.com,319.280.7581 x0847,1,Senior
33,Glennie,Pollich,Patsy_Davis47@gmail.com,686.559.9186 x082,3,Senior
34,Therese,Schamberger,Caesar.Kovacek@hotmail.com,1-693-856-1441 x20612,1,Junior
35,Bridie,Reynolds-Schneider,Ottilie_Legros4@hotmail.com,999.859.2953 x9478,5,Junior
36,Isac,Goldner,Bernie.Pagac74@gmail.com,(911) 296-1682,5,Senior
37,Dawson,Dickens,Emilie65@gmail.com,(268) 628-6883 x33638,2,Senior
38,Erick,Gorczany,Enola.Rippin@gmail.com,(260) 458-5095 x12893,5,Executive
39,Natalie,Kuhn,Kellie.Dicki@gmail.com,(973) 401-7646 x6620,2,Senior
40,Freeman,Altenwerth,Fidel6@gmail.com,(479) 969-1743 x022,1,Executive
41,Aiden,Rolfson,Lola.Hackett@yahoo.com,745-645-3445 x03015,1,Senior
42,Oran,Kilback,Nedra_Leuschke@gmail.com,(847) 379-8341 x8927,1,Junior
43,Rafael,Wyman,Efrain34@yahoo.com,(429) 669-8263 x7897,2,Junior
44,Sarina,Wisozk,Eino.Wehner21@gmail.com,500-350-6413 x883,1,Senior
45,Glennie,VonRueden,Josianne_OConner30@hotmail.com,768.286.8024,1,Senior
46,Garry,Bogisich,Name45@hotmail.com,1-920-435-2728 x5131,3,Junior
47,Josh,Kautzer,Hugh.Cormier87@yahoo.com,316-814-9464 x319,1,Mid
48,Paxton,Fay,Lily_Padberg38@hotmail.com,907-977-3767 x779,5,Executive
49,Eli,Gutmann,Johnny_Reynolds45@gmail.com,(970) 464-2905,2,Mid
50,Estel,Parisian,Dee_Schoen71@gmail.com,1-945-704-1731 x112,3,Mid
51,Precious,Gusikowski,Magnolia.Denesik@yahoo.com,450-712-5031 x40072,4,Mid
52,Reggie,Raynor,Cornelius9@gmail.com,240.828.9946 x01984,2,Junior
53,Chauncey,Corkery,Adrain_Turner-Casper31@hotmail.com,779-484-0949 x3272,5,Mid
54,Warren,Senger,Caleigh.Kuvalis@hotmail.com,768.567.1960 x37113,2,Mid
55,Natalia,Gibson,Kirk.Sipes15@gmail.com,1-329-616-3524 x991,5,Junior
56,Jaime,Roberts,Frankie.Mertz@hotmail.com,970-477-3527 x92841,5,Senior
57,Dock,Olson,Annette53@yahoo.com,201.309.2116 x1265,4,Mid
58,Berneice,Rempel,Khalid.Gottlieb@hotmail.com,1-891-426-8378 x5475,2,Lead
59,Marcelle,Ledner,Raul_Stokes@yahoo.com,(756) 766-6384,4,Lead
60,Kelton,Botsford-Hackett,Maria_DAmore15@hotmail.com,1-722-333-3123 x08543,4,Junior
