ExpenseID,ProjectID,Date,Amount,Description,Category,Billable,created_at
1,1,,6591.19,Rustic Aluminum Keyboard,Software,Billable,2020-04-11 01:45:35.339231
2,1,,4202.72,Electronic Gold Keyboard,Travel,Billable,2020-04-11 01:45:35.339231
3,1,,4878.27,Generic Granite Shirt,Equipment,Billable,2020-04-11 01:45:35.339231
4,1,,6807.06,Unbranded Wooden Chair,Travel,Billable,2020-04-11 01:45:35.339231
5,1,,5038.0,Unbranded Marble Cheese,Facilities,Billable,2020-04-11 01:45:35.339231
6,1,,4575.68,Awesome Plastic Chips,Travel,Non-Billable,2020-04-11 01:45:35.339231
7,1,,4146.26,Unbranded Cotton Mouse,Facilities,Billable,2020-04-11 01:45:35.339231
8,2,,2854.94,Modern Plastic Bike,Travel,Billable,2020-05-13 01:14:34.796118
9,2,,3014.83,Fresh Cotton Mouse,Software,Billable,2020-05-13 01:14:34.796118
10,2,,5955.51,Recycled Marble Chair,Travel,Billable,2020-05-13 01:14:34.796118
11,2,,4481.94,Gorgeous Marble Shirt,Software,Non-Billable,2020-05-13 01:14:34.796118
12,2,,6534.59,Sleek Aluminum Tuna,Facilities,Billable,2020-05-13 01:14:34.796118
13,3,,6694.8,Oriental Ceramic Bacon,Equipment,Billable,2020-07-22 00:35:45.259280
14,3,,5349.67,Ergonomic Bronze Tuna,Equipment,Billable,2020-07-22 00:35:45.259280
15,3,,2566.29,Fantastic Cotton Cheese,Travel,Non-Billable,2020-07-22 00:35:45.259280
16,4,,2410.12,Bespoke Cotton Cheese,Software,Billable,2020-09-20 03:55:49.163560
17,4,,4789.76,Tasty Wooden Towels,Equipment,Billable,2020-09-20 03:55:49.163560
18,4,,4743.18,Ergonomic Granite Tuna,Equipment,Billable,2020-09-20 03:55:49.163560
19,4,,4068.67,Soft Aluminum Keyboard,Facilities,Billable,2020-09-20 03:55:49.163560
20,4,,4595.08,Unbranded Ceramic Sausages,Equipment,Non-Billable,2020-09-20 03:55:49.163560
21,5,,6568.01,Luxurious Aluminum Chips,Software,Billable,2020-11-11 03:34:50.664895
22,5,,1174.59,Practical Marble Gloves,Facilities,Billable,2020-11-11 03:34:50.664895
23,5,,5724.95,Modern Aluminum Towels,Travel,Non-Billable,2020-11-11 03:34:50.664895
24,5,,6483.93,Handmade Aluminum Chicken,Software,Non-Billable,2020-11-11 03:34:50.664895
25,5,,7953.32,Intelligent Cotton Chicken,Facilities,Billable,2020-11-11 03:34:50.664895
26,7,,5590.96,Bespoke Rubber Bacon,Software,Non-Billable,2020-11-15 23:27:40.255671
27,7,,2805.31,Fantastic Bronze Car,Facilities,Non-Billable,2020-11-15 23:27:40.255671
28,7,,95.47,Fresh Concrete Bacon,Travel,Billable,2020-11-15 23:27:40.255671
29,7,,3197.41,Refined Granite Tuna,Facilities,Non-Billable,2020-11-15 23:27:40.255671
30,8,,8032.47,Handcrafted Silk Chicken,Other,Non-Billable,2020-11-16 20:31:07.102030
31,8,,5624.92,Fresh Bamboo Table,Travel,Billable,2020-11-16 20:31:07.102030
32,8,,2262.82,Bespoke Gold Pizza,Equipment,Billable,2020-11-16 20:31:07.102030
33,8,,6070.98,Oriental Bamboo Bacon,Software,Billable,2020-11-16 20:31:07.102030
34,8,,5484.67,Handcrafted Marble Soap,Facilities,Billable,2020-11-16 20:31:07.102030
35,8,,9094.8,Electronic Gold Pants,Facilities,Billable,2020-11-16 20:31:07.102030
36,8,,7053.16,Fresh Ceramic Table,Software,Billable,2020-11-16 20:31:07.102030
37,8,,5332.18,Ergonomic Bronze Pants,Travel,Non-Billable,2020-11-16 20:31:07.102030
38,6,,4132.7,Electronic Cotton Mouse,Travel,Billable,2020-11-17 11:08:50.758589
39,6,,4315.38,Handcrafted Silk Shirt,Equipment,Billable,2020-11-17 11:08:50.758589
40,6,,6772.13,Bespoke Cotton Mouse,Software,Billable,2020-11-17 11:08:50.758589
41,6,,4725.84,Handmade Aluminum Chair,Facilities,Billable,2020-11-17 11:08:50.758589
42,6,,6963.09,Frozen Plastic Computer,Other,Billable,2020-11-17 11:08:50.758589
43,6,,5661.4,Oriental Metal Soap,Other,Billable,2020-11-17 11:08:50.758589
44,9,,4236.18,Generic Steel Bike,Travel,Billable,2020-12-31 20:16:34.774709
45,9,,4173.1,Bespoke Rubber Computer,Facilities,Billable,2020-12-31 20:16:34.774709
46,9,,-5.52,Handcrafted Rubber Shoes,Other,Billable,2020-12-31 20:16:34.774709
47,10,,6369.28,Refined Ceramic Shoes,Facilities,Non-Billable,2021-01-14 01:18:16.567203
48,10,,3552.0,Ergonomic Ceramic Ball,Equipment,Non-Billable,2021-01-14 01:18:16.567203
49,10,,3934.84,Frozen Bronze Bike,Equipment,Billable,2021-01-14 01:18:16.567203
50,10,,6866.02,Small Aluminum Salad,Travel,Billable,2021-01-14 01:18:16.567203
51,10,,3476.53,Elegant Ceramic Computer,Software,Billable,2021-01-14 01:18:16.567203
52,10,,4082.76,Oriental Gold Shoes,Equipment,Billable,2021-01-14 01:18:16.567203
53,10,,4386.57,Awesome Concrete Keyboard,Equipment,Billable,2021-01-14 01:18:16.567203
54,10,,10567.55,Awesome Steel Soap,Travel,Billable,2021-01-14 01:18:16.567203
55,11,,1459.51,Handmade Granite Table,Other,Non-Billable,2021-01-30 06:32:01.516592
56,11,,2934.74,Intelligent Bamboo Shirt,Other,Billable,2021-01-30 06:32:01.516592
57,11,,5339.46,Handcrafted Concrete Car,Travel,Billable,2021-01-30 06:32:01.516592
58,11,,5178.79,Bespoke Granite Car,Equipment,Billable,2021-01-30 06:32:01.516592
59,11,,4760.3,Modern Gold Mouse,Facilities,Billable,2021-01-30 06:32:01.516592
60,12,,4540.24,Generic Rubber Salad,Software,Non-Billable,2021-06-02 05:56:14.561465
61,12,,6256.28,Modern Marble Car,Software,Billable,2021-06-02 05:56:14.561465
62,12,,2749.16,Generic Granite Soap,Travel,Billable,2021-06-02 05:56:14.561465
63,12,,4701.93,Fresh Bamboo Ball,Software,Non-Billable,2021-06-02 05:56:14.561465
64,12,,7160.92,Licensed Marble Shoes,Equipment,Billable,2021-06-02 05:56:14.561465
65,13,,8529.37,Intelligent Gold Car,Software,Billable,2021-07-26 08:38:46.914527
66,13,,7631.53,Licensed Concrete Bike,Travel,Billable,2021-07-26 08:38:46.914527
67,13,,1493.79,Tasty Concrete Tuna,Software,Billable,2021-07-26 08:38:46.914527
68,13,,1493.06,Incredible Plastic Chips,Other,Non-Billable,2021-07-26 08:38:46.914527
69,13,,3910.16,Handcrafted Silk Hat,Travel,Non-Billable,2021-07-26 08:38:46.914527
70,13,,6943.65,Licensed Steel Computer,Facilities,Billable,2021-07-26 08:38:46.914527
71,13,,4938.08,Luxurious Wooden Sausages,Travel,Billable,2021-07-26 08:38:46.914527
72,14,,2992.48,Sleek Granite Gloves,Other,Billable,2021-08-10 15:28:07.038410
73,14,,6020.59,Frozen Steel Chips,Software,Billable,2021-08-10 15:28:07.038410
74,14,,4303.97,Practical Gold Salad,Equipment,Billable,2021-08-10 15:28:07.038410
75,14,,5397.12,Refined Granite Fish,Software,Billable,2021-08-10 15:28:07.038410
76,14,,7682.62,Generic Ceramic Shirt,Travel,Billable,2021-08-10 15:28:07.038410
77,14,,3232.44,Generic Ceramic Ball,Software,Billable,2021-08-10 15:28:07.038410
78,15,,6974.24,Practical Rubber Keyboard,Travel,Non-Billable,2021-09-09 14:02:23.888994
79,15,,8950.05,Handcrafted Ceramic Table,Software,Billable,2021-09-09 14:02:23.888994
80,15,,4905.47,Handmade Wooden Sausages,Facilities,Non-Billable,2021-09-09 14:02:23.888994
81,16,,6930.03,Handcrafted Concrete Car,Facilities,Non-Billable,2021-12-06 05:55:56.660953
82,16,,5734.2,Practical Steel Table,Travel,Billable,2021-12-06 05:55:56.660953
83,19,,4971.42,Sleek Ceramic Fish,Facilities,Billable,2021-12-31 16:37:08.039518
84,19,,4446.2,Elegant Marble Shirt,Travel,Billable,2021-12-31 16:37:08.039518
85,19,,4949.22,Incredible Plastic Soap,Software,Billable,2021-12-31 16:37:08.039518
86,19,,7047.04,Awesome Granite Bike,Facilities,Non-Billable,2021-12-31 16:37:08.039518
87,17,,2812.74,Oriental Steel Keyboard,Travel,Billable,2022-01-05 04:00:46.029966
88,17,,9804.05,Licensed Ceramic Shoes,Equipment,Billable,2022-01-05 04:00:46.029966
89,17,,4954.79,Licensed Gold Ball,Travel,Billable,2022-01-05 04:00:46.029966
90,17,,3247.36,Gorgeous Metal Tuna,Software,Billable,2022-01-05 04:00:46.029966
91,17,,5075.32,Incredible Bronze Towels,Travel,Billable,2022-01-05 04:00:46.029966
92,18,,6506.65,Modern Wooden Shoes,Equipment,Billable,2022-01-16 18:54:16.115383
93,18,,3995.49,Luxurious Concrete Sausages,Travel,Billable,2022-01-16 18:54:16.115383
94,18,,5423.19,Ergonomic Marble Soap,Software,Non-Billable,2022-01-16 18:54:16.115383
95,18,,6865.76,Fantastic Bronze Bike,Software,Billable,2022-01-16 18:54:16.115383
96,18,,6746.32,Licensed Silk Chair,Software,Non-Billable,2022-01-16 18:54:16.115383
97,18,,1876.39,Luxurious Cotton Pizza,Equipment,Billable,2022-01-16 18:54:16.115383
98,18,,9003.47,Electronic Bamboo Chair,Facilities,Non-Billable,2022-01-16 18:54:16.115383
99,18,,1734.1,Handcrafted Ceramic Towels,Equipment,Non-Billable,2022-01-16 18:54:16.115383
100,21,,5470.4,Fantastic Ceramic Chair,Software,Non-Billable,2022-02-10 01:39:55.714458
101,21,,6614.59,Incredible Silk Ball,Software,Non-Billable,2022-02-10 01:39:55.714458
102,21,,2508.47,Generic Bamboo Ball,Travel,Non-Billable,2022-02-10 01:39:55.714458
103,20,,809.68,Rustic Gold Pants,Facilities,Billable,2022-02-10 17:27:32.199582
104,20,,5508.35,Modern Ceramic Pants,Travel,Billable,2022-02-10 17:27:32.199582
105,20,,3323.23,Fantastic Wooden Shirt,Travel,Billable,2022-02-10 17:27:32.199582
106,22,,6128.81,Fantastic Bamboo Chair,Software,Billable,2022-03-28 01:17:06.035060
107,22,,5711.1,Handcrafted Aluminum Bacon,Equipment,Non-Billable,2022-03-28 01:17:06.035060
108,22,,6442.93,Refined Bamboo Shirt,Software,Non-Billable,2022-03-28 01:17:06.035060
109,22,,6270.79,Fresh Metal Chips,Travel,Billable,2022-03-28 01:17:06.035060
110,22,,2443.95,Tasty Plastic Sausages,Equipment,Billable,2022-03-28 01:17:06.035060
111,24,,3530.18,Licensed Granite Salad,Travel,Billable,2022-05-28 09:46:08.501353
112,24,,7449.17,Handmade Rubber Table,Software,Billable,2022-05-28 09:46:08.501353
113,24,,8246.79,Soft Ceramic Towels,Software,Billable,2022-05-28 09:46:08.501353
114,23,,5829.08,Bespoke Wooden Shirt,Software,Billable,2022-06-02 13:46:15.755987
115,23,,3455.39,Rustic Silk Tuna,Equipment,Billable,2022-06-02 13:46:15.755987
116,23,,5605.37,Practical Plastic Tuna,Equipment,Billable,2022-06-02 13:46:15.755987
117,23,,3931.7,Incredible Aluminum Ball,Travel,Billable,2022-06-02 13:46:15.755987
118,23,,2798.44,Electronic Granite Bike,Software,Billable,2022-06-02 13:46:15.755987
119,23,,3577.4,Luxurious Silk Bike,Software,Billable,2022-06-02 13:46:15.755987
120,23,,3756.36,Handcrafted Marble Chicken,Software,Non-Billable,2022-06-02 13:46:15.755987
121,23,,6402.75,Intelligent Gold Mouse,Equipment,Billable,2022-06-02 13:46:15.755987
122,25,,3501.64,Incredible Metal Car,Facilities,Billable,2022-06-22 23:32:02.252258
123,25,,5450.69,Generic Bamboo Chips,Facilities,Non-Billable,2022-06-22 23:32:02.252258
124,25,,2858.81,Licensed Bronze Sausages,Software,Billable,2022-06-22 23:32:02.252258
125,25,,3220.51,Awesome Plastic Table,Other,Billable,2022-06-22 23:32:02.252258
126,25,,3303.8,Practical Wooden Chips,Software,Billable,2022-06-22 23:32:02.252258
127,26,,3872.7,Practical Concrete Towels,Travel,Billable,2022-08-25 16:16:33.143059
128,26,,4178.14,Soft Bamboo Mouse,Travel,Billable,2022-08-25 16:16:33.143059
129,27,,8444.26,Soft Granite Shirt,Travel,Non-Billable,2022-09-26 14:00:14.752142
130,27,,3395.01,Gorgeous Cotton Table,Travel,Billable,2022-09-26 14:00:14.752142
131,28,,3313.48,Handmade Cotton Soap,Travel,Billable,2022-11-12 11:09:18.197170
132,28,,4729.51,Ergonomic Ceramic Chips,Equipment,Non-Billable,2022-11-12 11:09:18.197170
133,28,,5379.7,Fresh Marble Hat,Software,Billable,2022-11-12 11:09:18.197170
134,28,,6153.52,Awesome Concrete Soap,Facilities,Billable,2022-11-12 11:09:18.197170
135,29,,4882.24,Refined Cotton Chicken,Travel,Billable,2022-12-19 07:21:03.938150
136,29,,7323.87,Refined Bamboo Pizza,Software,Billable,2022-12-19 07:21:03.938150
137,29,,3463.27,Sleek Metal Gloves,Facilities,Non-Billable,2022-12-19 07:21:03.938150
138,30,,5482.48,Oriental Ceramic Bacon,Software,Non-Billable,2022-12-31 18:31:24.032227
139,30,,7297.47,Refined Bamboo Shoes,Travel,Non-Billable,2022-12-31 18:31:24.032227
140,30,,7864.68,Soft Marble Cheese,Software,Billable,2022-12-31 18:31:24.032227
141,30,,5065.45,Handcrafted Aluminum Chair,Software,Non-Billable,2022-12-31 18:31:24.032227
142,30,,4466.17,Small Granite Soap,Facilities,Billable,2022-12-31 18:31:24.032227
143,30,,3389.26,Refined Rubber Cheese,Facilities,Non-Billable,2022-12-31 18:31:24.032227
144,30,,6192.88,Fantastic Bronze Computer,Software,Non-Billable,2022-12-31 18:31:24.032227
145,30,,4392.68,Licensed Plastic Shirt,Facilities,Billable,2022-12-31 18:31:24.032227
146,32,,5075.9,Oriental Bamboo Hat,Travel,Billable,2023-01-08 14:43:54.245756
147,32,,5271.09,Recycled Metal Keyboard,Software,Billable,2023-01-08 14:43:54.245756
148,32,,4195.87,Handmade Gold Salad,Facilities,Billable,2023-01-08 14:43:54.245756
149,32,,6048.53,Electronic Ceramic Bike,Equipment,Billable,2023-01-08 14:43:54.245756
150,32,,1127.77,Gorgeous Rubber Salad,Travel,Billable,2023-01-08 14:43:54.245756
151,33,,5251.69,Generic Silk Salad,Other,Non-Billable,2023-01-13 04:54:34.290885
152,33,,6447.22,Ergonomic Aluminum Bacon,Equipment,Billable,2023-01-13 04:54:34.290885
153,33,,6334.92,Fantastic Cotton Car,Other,Billable,2023-01-13 04:54:34.290885
154,33,,3067.38,Soft Plastic Pants,Software,Billable,2023-01-13 04:54:34.290885
155,33,,5300.27,Sleek Steel Shirt,Facilities,Billable,2023-01-13 04:54:34.290885
156,33,,5505.87,Intelligent Steel Gloves,Travel,Billable,2023-01-13 04:54:34.290885
157,31,,4873.11,Small Cotton Pizza,Other,Billable,2023-01-17 20:40:12.277719
158,31,,4129.56,Oriental Metal Mouse,Other,Non-Billable,2023-01-17 20:40:12.277719
159,31,,6501.17,Incredible Bamboo Tuna,Facilities,Billable,2023-01-17 20:40:12.277719
160,31,,6777.33,Fantastic Steel Keyboard,Travel,Non-Billable,2023-01-17 20:40:12.277719
161,31,,3946.49,Oriental Wooden Salad,Travel,Non-Billable,2023-01-17 20:40:12.277719
162,31,,3178.59,Ergonomic Cotton Keyboard,Travel,Billable,2023-01-17 20:40:12.277719
163,35,,7168.96,Awesome Metal Car,Equipment,Billable,2023-03-01 19:23:51.236927
164,35,,3844.94,Refined Concrete Chicken,Travel,Non-Billable,2023-03-01 19:23:51.236927
165,35,,3441.7,Tasty Marble Mouse,Equipment,Billable,2023-03-01 19:23:51.236927
166,34,,4611.34,Recycled Rubber Chips,Facilities,Billable,2023-03-10 12:42:50.531817
167,34,,4201.78,Bespoke Wooden Chair,Software,Billable,2023-03-10 12:42:50.531817
168,34,,3694.21,Recycled Cotton Cheese,Software,Non-Billable,2023-03-10 12:42:50.531817
169,34,,6544.04,Recycled Rubber Keyboard,Software,Non-Billable,2023-03-10 12:42:50.531817
170,34,,8062.65,Awesome Silk Bike,Other,Non-Billable,2023-03-10 12:42:50.531817
171,36,,6922.84,Intelligent Granite Bike,Travel,Billable,2023-04-10 13:54:21.561557
172,36,,1350.55,Oriental Marble Computer,Equipment,Billable,2023-04-10 13:54:21.561557
173,36,,5583.72,Oriental Gold Bacon,Equipment,Billable,2023-04-10 13:54:21.561557
174,36,,6798.93,Oriental Wooden Mouse,Travel,Billable,2023-04-10 13:54:21.561557
175,36,,4939.71,Refined Wooden Salad,Software,Billable,2023-04-10 13:54:21.561557
176,40,,6745.84,Fresh Metal Table,Other,Billable,2023-05-22 09:10:20.698428
177,40,,3740.19,Rustic Marble Chips,Other,Billable,2023-05-22 09:10:20.698428
178,40,,1918.41,Fantastic Ceramic Keyboard,Equipment,Non-Billable,2023-05-22 09:10:20.698428
179,37,,2789.29,Luxurious Aluminum Hat,Equipment,Non-Billable,2023-05-27 06:54:15.618115
180,37,,6564.37,Modern Gold Hat,Facilities,Billable,2023-05-27 06:54:15.618115
181,38,,6457.37,Practical Metal Table,Software,Non-Billable,2023-06-11 22:21:49.466299
182,38,,4023.61,Rustic Concrete Salad,Facilities,Billable,2023-06-11 22:21:49.466299
183,38,,4547.48,Handmade Marble Chair,Other,Billable,2023-06-11 22:21:49.466299
184,38,,6512.11,Licensed Bronze Computer,Equipment,Billable,2023-06-11 22:21:49.466299
185,39,,6044.49,Intelligent Rubber Chicken,Equipment,Non-Billable,2023-06-12 22:47:45.569760
186,39,,3367.19,Small Concrete Gloves,Facilities,Non-Billable,2023-06-12 22:47:45.569760
187,39,,2889.23,Elegant Granite Chair,Travel,Non-Billable,2023-06-12 22:47:45.569760
188,39,,7116.97,Generic Marble Pizza,Equipment,Billable,2023-06-12 22:47:45.569760
189,39,,5815.85,Intelligent Marble Keyboard,Software,Billable,2023-06-12 22:47:45.569760
190,39,,4750.05,Bespoke Gold Cheese,Software,Billable,2023-06-12 22:47:45.569760
191,41,,7470.24,Recycled Rubber Soap,Facilities,Billable,2023-06-21 04:18:49.478229
192,41,,4359.82,Generic Ceramic Chair,Equipment,Billable,2023-06-21 04:18:49.478229
193,41,,4453.96,Bespoke Cotton Table,Equipment,Billable,2023-06-21 04:18:49.478229
194,41,,5730.25,Fresh Ceramic Sausages,Travel,Billable,2023-06-21 04:18:49.478229
195,42,,4563.93,Recycled Gold Bacon,Software,Billable,2023-07-25 12:56:00.112155
196,42,,-277.62,Refined Plastic Shirt,Equipment,Billable,2023-07-25 12:56:00.112155
197,42,,6076.12,Bespoke Ceramic Table,Software,Billable,2023-07-25 12:56:00.112155
198,43,,1747.36,Small Plastic Salad,Travel,Non-Billable,2024-01-12 09:28:11.524018
199,43,,9375.3,Fresh Rubber Mouse,Software,Billable,2024-01-12 09:28:11.524018
200,44,,1793.48,Gorgeous Marble Gloves,Other,Billable,2024-02-27 08:24:43.856957
201,44,,7383.92,Tasty Metal Ball,Travel,Billable,2024-02-27 08:24:43.856957
202,44,,3815.47,Soft Marble Shirt,Software,Billable,2024-02-27 08:24:43.856957
203,44,,3579.84,Awesome Aluminum Towels,Other,Billable,2024-02-27 08:24:43.856957
204,44,,3804.58,Elegant Metal Gloves,Software,Billable,2024-02-27 08:24:43.856957
205,44,,5427.81,Bespoke Granite Car,Travel,Non-Billable,2024-02-27 08:24:43.856957
206,44,,4621.17,Tasty Silk Towels,Equipment,Billable,2024-02-27 08:24:43.856957
207,44,,6098.46,Refined Silk Chicken,Facilities,Billable,2024-02-27 08:24:43.856957
208,45,,7116.41,Fresh Concrete Keyboard,Equipment,Non-Billable,2024-05-06 12:25:20.871986
209,45,,6875.12,Oriental Concrete Chips,Software,Billable,2024-05-06 12:25:20.871986
210,45,,5908.37,Unbranded Gold Car,Equipment,Billable,2024-05-06 12:25:20.871986
211,45,,3930.53,Licensed Plastic Shoes,Travel,Non-Billable,2024-05-06 12:25:20.871986
212,46,,5079.87,Elegant Ceramic Hat,Facilities,Billable,2024-05-19 15:51:51.062741
213,46,,3007.22,Soft Bamboo Bike,Facilities,Billable,2024-05-19 15:51:51.062741
214,46,,4440.25,Generic Aluminum Chicken,Software,Billable,2024-05-19 15:51:51.062741
215,47,,4696.89,Tasty Concrete Soap,Software,Billable,2024-06-11 01:51:50.051487
216,47,,4135.52,Unbranded Wooden Sausages,Software,Non-Billable,2024-06-11 01:51:50.051487
217,47,,4673.36,Refined Silk Cheese,Equipment,Billable,2024-06-11 01:51:50.051487
218,47,,2629.08,Rustic Bamboo Chips,Software,Non-Billable,2024-06-11 01:51:50.051487
219,48,,4826.49,Recycled Silk Keyboard,Travel,Non-Billable,2024-08-06 06:22:44.604887
220,48,,5718.37,Fantastic Marble Bacon,Travel,Billable,2024-08-06 06:22:44.604887
221,48,,6135.88,Ergonomic Granite Tuna,Travel,Billable,2024-08-06 06:22:44.604887
222,48,,8410.03,Frozen Ceramic Sausages,Equipment,Billable,2024-08-06 06:22:44.604887
223,48,,4398.39,Small Bronze Shoes,Travel,Non-Billable,2024-08-06 06:22:44.604887
224,48,,5815.75,Oriental Steel Shoes,Facilities,Non-Billable,2024-08-06 06:22:44.604887
225,49,,5849.93,Tasty Wooden Hat,Travel,Billable,2024-09-26 19:32:58.030302
226,49,,2164.75,Gorgeous Ceramic Cheese,Travel,Billable,2024-09-26 19:32:58.030302
227,49,,6199.72,Licensed Wooden Chicken,Travel,Billable,2024-09-26 19:32:58.030302
228,50,,5264.04,Elegant Gold Computer,Software,Billable,2024-10-16 04:55:10.027820
229,50,,4522.17,Small Gold Soap,Travel,Non-Billable,2024-10-16 04:55:10.027820
230,50,,7860.31,Gorgeous Aluminum Computer,Facilities,Billable,2024-10-16 04:55:10.027820
231,50,,4630.83,Elegant Steel Salad,Facilities,Non-Billable,2024-10-16 04:55:10.027820
232,50,,3603.61,Rustic Silk Salad,Travel,Billable,2024-10-16 04:55:10.027820
233,50,,4448.6,Small Bamboo Gloves,Software,Non-Billable,2024-10-16 04:55:10.027820
234,50,,6881.39,Fantastic Bronze Cheese,Travel,Billable,2024-10-16 04:55:10.027820
235,51,,2973.37,Practical Ceramic Bacon,Equipment,Billable,2024-11-03 09:27:56.095109
236,51,,6402.37,Modern Ceramic Shoes,Equipment,Non-Billable,2024-11-03 09:27:56.095109
237,51,,6425.26,Licensed Bronze Pizza,Travel,Billable,2024-11-03 09:27:56.095109
238,53,,11123.89,Incredible Wooden Pants,Equipment,Billable,2024-12-10 11:21:14.870460
239,53,,5302.22,Soft Gold Sausages,Equipment,Billable,2024-12-10 11:21:14.870460
240,53,,6530.55,Incredible Metal Car,Travel,Billable,2024-12-10 11:21:14.870460
241,52,,6863.14,Frozen Silk Hat,Facilities,Billable,2024-12-16 11:52:38.821269
242,52,,5522.53,Handmade Steel Tuna,Travel,Non-Billable,2024-12-16 11:52:38.821269
243,52,,4667.06,Frozen Bamboo Chips,Equipment,Billable,2024-12-16 11:52:38.821269
244,55,,5273.64,Bespoke Plastic Hat,Software,Billable,2025-01-13 19:12:05.723775
245,55,,8405.39,Fresh Wooden Table,Software,Billable,2025-01-13 19:12:05.723775
246,55,,4850.51,Rustic Silk Fish,Facilities,Billable,2025-01-13 19:12:05.723775
247,55,,4453.76,Rustic Wooden Pizza,Software,Billable,2025-01-13 19:12:05.723775
248,55,,7108.86,Electronic Rubber Bacon,Facilities,Billable,2025-01-13 19:12:05.723775
249,55,,5523.9,Practical Bamboo Gloves,Equipment,Billable,2025-01-13 19:12:05.723775
250,55,,2489.78,Fresh Marble Table,Equipment,Billable,2025-01-13 19:12:05.723775
251,54,,6077.84,Elegant Cotton Computer,Facilities,Non-Billable,2025-01-19 19:34:33.228005
252,54,,7708.04,Frozen Metal Towels,Travel,Billable,2025-01-19 19:34:33.228005
253,57,,5596.78,Tasty Concrete Sausages,Software,Billable,2025-02-25 17:16:47.643232
254,57,,9151.28,Ergonomic Bamboo Pants,Facilities,Non-Billable,2025-02-25 17:16:47.643232
255,57,,4255.46,Small Granite Keyboard,Equipment,Non-Billable,2025-02-25 17:16:47.643232
256,57,,6132.17,Tasty Plastic Pants,Travel,Billable,2025-02-25 17:16:47.643232
257,57,,6398.03,Ergonomic Plastic Cheese,Travel,Billable,2025-02-25 17:16:47.643232
258,56,,2581.93,Sleek Bamboo Salad,Travel,Billable,2025-03-04 09:23:38.331615
259,56,,4523.32,Ergonomic Concrete Car,Other,Billable,2025-03-04 09:23:38.331615
260,56,,6704.36,Intelligent Metal Chicken,Other,Non-Billable,2025-03-04 09:23:38.331615
261,56,,7502.91,Handmade Wooden Car,Equipment,Billable,2025-03-04 09:23:38.331615
262,56,,4566.53,Gorgeous Concrete Mouse,Software,Billable,2025-03-04 09:23:38.331615
263,56,,6718.63,Oriental Granite Mouse,Facilities,Non-Billable,2025-03-04 09:23:38.331615
264,58,,5821.52,Oriental Cotton Cheese,Travel,Non-Billable,2025-03-22 19:17:26.789269
265,58,,4626.39,Small Bronze Chips,Equipment,Billable,2025-03-22 19:17:26.789269
266,58,,4946.34,Awesome Rubber Mouse,Software,Billable,2025-03-22 19:17:26.789269
267,58,,3972.32,Intelligent Wooden Soap,Equipment,Non-Billable,2025-03-22 19:17:26.789269
268,58,,8446.93,Modern Concrete Computer,Travel,Billable,2025-03-22 19:17:26.789269
269,59,,5998.17,Frozen Ceramic Pizza,Other,Billable,2025-03-30 08:37:02.322199
270,59,,4567.1,Soft Silk Car,Equipment,Billable,2025-03-30 08:37:02.322199
271,59,,3739.43,Practical Gold Chicken,Facilities,Non-Billable,2025-03-30 08:37:02.322199
272,59,,1877.3,Gorgeous Concrete Car,Travel,Billable,2025-03-30 08:37:02.322199
273,59,,7759.68,Ergonomic Marble Cheese,Software,Billable,2025-03-30 08:37:02.322199
274,59,,7314.69,Electronic Plastic Bacon,Travel,Billable,2025-03-30 08:37:02.322199
275,60,,7509.62,Bespoke Plastic Gloves,Software,Non-Billable,2025-04-04 16:51:21.245176
276,60,,6309.35,Oriental Bronze Hat,Software,Billable,2025-04-04 16:51:21.245176
277,60,,4053.47,Refined Bamboo Table,Software,Billable,2025-04-04 16:51:21.245176
278,60,,4548.69,Electronic Ceramic Fish,Travel,Billable,2025-04-04 16:51:21.245176
279,60,,4828.78,Bespoke Ceramic Computer,Other,Non-Billable,2025-04-04 16:51:21.245176
280,61,,3779.95,Luxurious Aluminum Shirt,Travel,Non-Billable,2025-05-23 13:13:34.968579
281,61,,4978.12,Oriental Aluminum Car,Software,Billable,2025-05-23 13:13:34.968579
282,61,,3685.03,Luxurious Wooden Shirt,Software,Billable,2025-05-23 13:13:34.968579
283,62,,3269.86,Licensed Cotton Pizza,Software,Billable,2025-05-31 08:12:55.529304
284,62,,6050.38,Handcrafted Steel Bike,Travel,Non-Billable,2025-05-31 08:12:55.529304
285,63,,7230.87,Ergonomic Gold Keyboard,Travel,Billable,2025-06-27 11:58:45.603478
286,63,,2371.71,Intelligent Bamboo Fish,Software,Billable,2025-06-27 11:58:45.603478
287,63,,8533.31,Elegant Rubber Mouse,Equipment,Non-Billable,2025-06-27 11:58:45.603478
288,63,,6856.09,Intelligent Ceramic Salad,Equipment,Non-Billable,2025-06-27 11:58:45.603478
289,63,,6085.66,Awesome Metal Pizza,Travel,Non-Billable,2025-06-27 11:58:45.603478
290,63,,6326.9,Luxurious Gold Gloves,Travel,Non-Billable,2025-06-27 11:58:45.603478
291,63,,3551.51,Generic Plastic Gloves,Travel,Billable,2025-06-27 11:58:45.603478
292,64,,587.16,Intelligent Concrete Pants,Equipment,Non-Billable,2025-08-05 00:54:57.433701
293,64,,8244.39,Modern Silk Cheese,Software,Billable,2025-08-05 00:54:57.433701
294,64,,8902.28,Refined Bronze Sausages,Travel,Billable,2025-08-05 00:54:57.433701
295,64,,6256.76,Fresh Wooden Pizza,Software,Billable,2025-08-05 00:54:57.433701
296,65,,1523.78,Frozen Steel Bike,Travel,Billable,2025-09-19 07:48:05.824665
297,65,,10109.37,Unbranded Cotton Table,Software,Billable,2025-09-19 07:48:05.824665
298,65,,3715.61,Generic Granite Cheese,Travel,Billable,2025-09-19 07:48:05.824665
299,65,,7360.98,Elegant Granite Towels,Travel,Billable,2025-09-19 07:48:05.824665
300,65,,9556.8,Small Rubber Bacon,Facilities,Billable,2025-09-19 07:48:05.824665
301,65,,8941.73,Soft Marble Gloves,Travel,Billable,2025-09-19 07:48:05.824665
302,65,,4961.06,Sleek Gold Pizza,Equipment,Non-Billable,2025-09-19 07:48:05.824665
303,67,,6119.15,Bespoke Gold Shirt,Travel,Billable,2025-11-02 09:40:39.996909
304,67,,3372.94,Generic Bamboo Shirt,Software,Billable,2025-11-02 09:40:39.996909
305,67,,5373.52,Fresh Rubber Cheese,Software,Non-Billable,2025-11-02 09:40:39.996909
306,67,,5945.33,Sleek Bronze Shoes,Other,Billable,2025-11-02 09:40:39.996909
307,67,,3820.18,Fresh Concrete Chicken,Travel,Billable,2025-11-02 09:40:39.996909
308,67,,6688.57,Unbranded Gold Chips,Equipment,Billable,2025-11-02 09:40:39.996909
309,67,,5263.29,Practical Bronze Pizza,Other,Billable,2025-11-02 09:40:39.996909
310,67,,3820.87,Sleek Bamboo Sausages,Travel,Billable,2025-11-02 09:40:39.996909
311,66,,3965.63,Elegant Granite Towels,Software,Billable,2025-11-22 08:34:07.738618
312,66,,3903.67,Incredible Marble Table,Software,Billable,2025-11-22 08:34:07.738618
313,66,,247.13,Gorgeous Cotton Chair,Facilities,Billable,2025-11-22 08:34:07.738618
314,68,,6641.93,Fresh Wooden Pants,Travel,Billable,2025-12-15 21:32:36.893036
315,68,,1724.79,Elegant Granite Chair,Software,Non-Billable,2025-12-15 21:32:36.893036
316,68,,5239.2,Oriental Ceramic Pants,Equipment,Non-Billable,2025-12-15 21:32:36.893036
317,69,,2051.53,Incredible Marble Keyboard,Travel,Billable,2026-01-15 04:06:11.214438
318,69,,6987.86,Intelligent Metal Keyboard,Travel,Billable,2026-01-15 04:06:11.214438
319,69,,3183.59,Modern Aluminum Computer,Other,Billable,2026-01-15 04:06:11.214438
320,69,,3217.56,Small Silk Cheese,Equipment,Billable,2026-01-15 04:06:11.214438
321,70,,3333.41,Practical Ceramic Soap,Facilities,Non-Billable,2026-02-12 11:18:26.517634
322,70,,3723.45,Oriental Ceramic Table,Software,Non-Billable,2026-02-12 11:18:26.517634
323,70,,1983.62,Refined Granite Hat,Travel,Billable,2026-02-12 11:18:26.517634
324,70,,2686.04,Awesome Cotton Salad,Travel,Billable,2026-02-12 11:18:26.517634
325,71,,8491.74,Bespoke Gold Shirt,Travel,Non-Billable,2026-03-25 20:22:05.291890
326,71,,3009.19,Bespoke Granite Cheese,Software,Billable,2026-03-25 20:22:05.291890
327,71,,8654.52,Recycled Aluminum Computer,Facilities,Billable,2026-03-25 20:22:05.291890
328,71,,6793.18,Handcrafted Rubber Chair,Other,Billable,2026-03-25 20:22:05.291890
329,71,,1655.5,Incredible Plastic Bike,Other,Billable,2026-03-25 20:22:05.291890
330,71,,2181.79,Ergonomic Rubber Tuna,Travel,Non-Billable,2026-03-25 20:22:05.291890
331,71,,4182.73,Recycled Cotton Soap,Facilities,Non-Billable,2026-03-25 20:22:05.291890
332,74,,8008.43,Bespoke Metal Table,Other,Non-Billable,2026-04-12 21:50:03.460361
333,74,,5496.55,Recycled Concrete Cheese,Other,Non-Billable,2026-04-12 21:50:03.460361
334,74,,1748.8,Sleek Ceramic Soap,Travel,Non-Billable,2026-04-12 21:50:03.460361
335,74,,2157.69,Generic Silk Car,Facilities,Billable,2026-04-12 21:50:03.460361
336,74,,3965.73,Tasty Concrete Keyboard,Facilities,Billable,2026-04-12 21:50:03.460361
337,72,,5470.78,Fantastic Cotton Bike,Travel,Billable,2026-04-13 15:36:43.457882
338,72,,2348.41,Refined Gold Pizza,Software,Non-Billable,2026-04-13 15:36:43.457882
339,72,,4968.16,Tasty Granite Shoes,Software,Billable,2026-04-13 15:36:43.457882
340,73,,5970.0,Oriental Granite Tuna,Software,Billable,2026-04-21 11:36:27.739907
341,73,,4064.36,Sleek Concrete Pants,Other,Billable,2026-04-21 11:36:27.739907
342,73,,4594.17,Bespoke Marble Keyboard,Facilities,Billable,2026-04-21 11:36:27.739907
343,75,,5440.7,Refined Metal Table,Other,Non-Billable,2026-04-30 20:35:14.982870
344,75,,3721.54,Gorgeous Ceramic Pants,Travel,Billable,2026-04-30 20:35:14.982870
345,75,,3218.22,Handcrafted Wooden Salad,Software,Billable,2026-04-30 20:35:14.982870
346,75,,5976.21,Gorgeous Steel Fish,Travel,Billable,2026-04-30 20:35:14.982870
347,75,,3263.87,Fresh Ceramic Tuna,Software,Non-Billable,2026-04-30 20:35:14.982870
348,75,,6580.76,Ergonomic Ceramic Bacon,Travel,Billable,2026-04-30 20:35:14.982870
349,75,,7601.05,Practical Silk Sausages,Travel,Billable,2026-04-30 20:35:14.982870
350,76,,4731.71,Rustic Bamboo Tuna,Travel,Non-Billable,2026-06-09 10:37:45.963076
351,76,,7629.56,Handmade Metal Soap,Software,Billable,2026-06-09 10:37:45.963076
352,76,,3868.98,Sleek Bamboo Shirt,Travel,Billable,2026-06-09 10:37:45.963076
353,76,,5557.98,Generic Gold Mouse,Facilities,Billable,2026-06-09 10:37:45.963076
354,76,,6723.63,Luxurious Rubber Chips,Software,Billable,2026-06-09 10:37:45.963076
355,76,,2196.18,Modern Bronze Pizza,Travel,Billable,2026-06-09 10:37:45.963076
356,76,,7640.37,Bespoke Aluminum Hat,Facilities,Billable,2026-06-09 10:37:45.963076
357,77,,3479.16,Bespoke Steel Car,Travel,Non-Billable,2026-10-08 23:27:28.234606
358,77,,4746.53,Handmade Concrete Bacon,Travel,Billable,2026-10-08 23:27:28.234606
359,77,,8150.78,Awesome Silk Hat,Travel,Billable,2026-10-08 23:27:28.234606
360,77,,5057.58,Awesome Cotton Table,Travel,Billable,2026-10-08 23:27:28.234606
361,77,,7355.09,Small Ceramic Car,Travel,Billable,2026-10-08 23:27:28.234606
362,78,,5561.06,Incredible Steel Chips,Equipment,Billable,2026-10-23 16:56:35.720761
363,78,,7032.19,Luxurious Marble Shirt,Equipment,Billable,2026-10-23 16:56:35.720761
364,78,,8241.95,Recycled Concrete Bike,Travel,Billable,2026-10-23 16:56:35.720761
365,78,,4773.84,Licensed Marble Hat,Other,Billable,2026-10-23 16:56:35.720761
366,78,,6747.26,Frozen Wooden Pizza,Equipment,Billable,2026-10-23 16:56:35.720761
367,78,,4939.19,Tasty Aluminum Cheese,Travel,Billable,2026-10-23 16:56:35.720761
368,78,,5385.12,Luxurious Rubber Ball,Software,Billable,2026-10-23 16:56:35.720761
369,79,,7289.52,Refined Gold Gloves,Software,Billable,2026-10-26 20:41:40.591232
370,79,,5470.64,Handcrafted Bronze Fish,Other,Billable,2026-10-26 20:41:40.591232
371,79,,3919.79,Recycled Metal Cheese,Travel,Billable,2026-10-26 20:41:40.591232
372,79,,3997.51,Tasty Rubber Bike,Facilities,Billable,2026-10-26 20:41:40.591232
373,79,,7853.19,Bespoke Silk Hat,Facilities,Billable,2026-10-26 20:41:40.591232
374,79,,4207.71,Practical Plastic Cheese,Travel,Non-Billable,2026-10-26 20:41:40.591232
375,79,,3464.98,Tasty Ceramic Shoes,Facilities,Billable,2026-10-26 20:41:40.591232
376,79,,3171.44,Fresh Silk Shirt,Facilities,Billable,2026-10-26 20:41:40.591232
377,80,,1636.85,Electronic Metal Car,Facilities,Billable,2026-11-29 06:31:59.372728
378,80,,8368.7,Intelligent Silk Ball,Software,Non-Billable,2026-11-29 06:31:59.372728
379,80,,7000.04,Oriental Wooden Salad,Software,Billable,2026-11-29 06:31:59.372728
380,80,,4436.4,Intelligent Cotton Computer,Software,Non-Billable,2026-11-29 06:31:59.372728
381,80,,5197.0,Tasty Wooden Salad,Software,Billable,2026-11-29 06:31:59.372728
382,81,,5860.13,Unbranded Granite Mouse,Travel,Non-Billable,2026-12-29 21:13:05.160959
383,81,,4359.07,Refined Steel Shoes,Travel,Billable,2026-12-29 21:13:05.160959
384,81,,5049.53,Frozen Aluminum Towels,Equipment,Non-Billable,2026-12-29 21:13:05.160959
385,81,,8976.67,Soft Plastic Fish,Software,Billable,2026-12-29 21:13:05.160959
386,81,,9561.0,Awesome Bronze Chips,Other,Non-Billable,2026-12-29 21:13:05.160959
387,81,,10023.08,Elegant Cotton Salad,Travel,Billable,2026-12-29 21:13:05.160959
388,81,,4918.9,Incredible Bamboo Shirt,Equipment,Billable,2026-12-29 21:13:05.160959
389,82,,7573.25,Ergonomic Cotton Mouse,Travel,Billable,2027-01-03 12:10:34.665762
390,82,,3780.03,Luxurious Gold Fish,Software,Billable,2027-01-03 12:10:34.665762
391,82,,4830.36,Ergonomic Steel Hat,Facilities,Billable,2027-01-03 12:10:34.665762
392,82,,8020.22,Fresh Gold Shoes,Software,Non-Billable,2027-01-03 12:10:34.665762
393,82,,3480.99,Elegant Gold Mouse,Software,Billable,2027-01-03 12:10:34.665762
394,82,,3557.63,Handcrafted Concrete Car,Travel,Billable,2027-01-03 12:10:34.665762
395,83,,3351.43,Rustic Bronze Table,Facilities,Billable,2027-01-29 21:19:32.901295
396,83,,6366.52,Intelligent Marble Table,Facilities,Billable,2027-01-29 21:19:32.901295
397,83,,4115.15,Licensed Plastic Tuna,Other,Billable,2027-01-29 21:19:32.901295
398,83,,4317.65,Electronic Metal Salad,Travel,Billable,2027-01-29 21:19:32.901295
399,83,,6628.85,Luxurious Metal Bike,Travel,Billable,2027-01-29 21:19:32.901295
400,83,,9371.42,Modern Granite Chair,Travel,Billable,2027-01-29 21:19:32.901295
401,85,,3390.08,Licensed Gold Shoes,Travel,Billable,2027-03-03 23:21:54.801496
402,85,,3999.23,Electronic Bamboo Cheese,Travel,Billable,2027-03-03 23:21:54.801496
403,85,,5877.0,Soft Silk Soap,Facilities,Billable,2027-03-03 23:21:54.801496
404,85,,3060.99,Bespoke Wooden Car,Equipment,Non-Billable,2027-03-03 23:21:54.801496
405,85,,4838.59,Fresh Cotton Keyboard,Facilities,Billable,2027-03-03 23:21:54.801496
406,84,,4187.52,Gorgeous Metal Chair,Software,Non-Billable,2027-03-12 01:04:22.415668
407,84,,3766.34,Rustic Steel Towels,Equipment,Non-Billable,2027-03-12 01:04:22.415668
408,84,,3753.3,Small Rubber Computer,Equipment,Billable,2027-03-12 01:04:22.415668
409,86,,4250.94,Electronic Cotton Shoes,Equipment,Non-Billable,2027-04-15 08:45:54.892960
410,86,,4747.74,Unbranded Marble Salad,Software,Billable,2027-04-15 08:45:54.892960
411,87,,3748.23,Licensed Bronze Chicken,Travel,Billable,2027-04-23 16:21:23.015730
412,87,,3923.08,Generic Plastic Shirt,Software,Billable,2027-04-23 16:21:23.015730
413,88,,2147.76,Tasty Marble Keyboard,Travel,Billable,2027-06-23 03:43:48.947233
414,88,,8257.88,Unbranded Metal Tuna,Travel,Billable,2027-06-23 03:43:48.947233
415,88,,1784.21,Unbranded Aluminum Fish,Other,Billable,2027-06-23 03:43:48.947233
416,88,,3627.33,Gorgeous Rubber Chips,Equipment,Non-Billable,2027-06-23 03:43:48.947233
417,88,,3313.2,Bespoke Plastic Bike,Other,Billable,2027-06-23 03:43:48.947233
418,88,,4211.05,Elegant Silk Computer,Other,Non-Billable,2027-06-23 03:43:48.947233
419,88,,5639.19,Oriental Bamboo Salad,Travel,Billable,2027-06-23 03:43:48.947233
420,90,,7073.03,Electronic Bronze Shoes,Travel,Billable,2027-07-08 05:31:30.626950
421,90,,2657.57,Unbranded Silk Pizza,Software,Billable,2027-07-08 05:31:30.626950
422,90,,9547.88,Licensed Bronze Cheese,Software,Non-Billable,2027-07-08 05:31:30.626950
423,89,,6343.4,Oriental Silk Bike,Equipment,Billable,2027-07-17 06:32:11.691518
424,89,,3854.64,Generic Ceramic Chair,Travel,Billable,2027-07-17 06:32:11.691518
425,89,,4385.88,Incredible Marble Towels,Travel,Non-Billable,2027-07-17 06:32:11.691518
426,89,,7401.52,Luxurious Wooden Shoes,Equipment,Billable,2027-07-17 06:32:11.691518
427,89,,2106.14,Incredible Bamboo Table,Equipment,Billable,2027-07-17 06:32:11.691518
428,89,,4881.6,Elegant Aluminum Chair,Other,Billable,2027-07-17 06:32:11.691518
429,92,,9224.7,Tasty Granite Shirt,Equipment,Billable,2027-08-21 06:35:42.011152
430,92,,4823.75,Handmade Wooden Chair,Travel,Billable,2027-08-21 06:35:42.011152
431,93,,6169.37,Handmade Metal Bike,Travel,Non-Billable,2027-08-30 17:05:29.432834
432,93,,4259.55,Fantastic Aluminum Chair,Travel,Billable,2027-08-30 17:05:29.432834
433,93,,7368.51,Rustic Metal Gloves,Travel,Billable,2027-08-30 17:05:29.432834
434,93,,3820.04,Bespoke Ceramic Bike,Travel,Non-Billable,2027-08-30 17:05:29.432834
435,93,,5522.35,Gorgeous Granite Towels,Travel,Billable,2027-08-30 17:05:29.432834
436,91,,7333.57,Handcrafted Gold Chair,Equipment,Billable,2027-09-12 16:11:26.453934
437,91,,4866.22,Generic Cotton Keyboard,Software,Billable,2027-09-12 16:11:26.453934
438,91,,7909.31,Generic Wooden Ball,Travel,Non-Billable,2027-09-12 16:11:26.453934
439,91,,3230.99,Licensed Marble Towels,Software,Billable,2027-09-12 16:11:26.453934
440,91,,3958.81,Tasty Gold Chair,Travel,Billable,2027-09-12 16:11:26.453934
441,94,,7979.61,Gorgeous Aluminum Keyboard,Travel,Billable,2027-09-25 00:02:08.157257
442,94,,5495.57,Soft Concrete Pizza,Travel,Billable,2027-09-25 00:02:08.157257
443,94,,8202.6,Awesome Concrete Chips,Travel,Billable,2027-09-25 00:02:08.157257
444,95,,2973.94,Licensed Plastic Shirt,Travel,Billable,2027-10-24 08:59:30.004350
445,95,,1625.55,Recycled Rubber Sausages,Travel,Billable,2027-10-24 08:59:30.004350
446,95,,7417.86,Modern Cotton Bike,Facilities,Billable,2027-10-24 08:59:30.004350
447,96,,2481.87,Intelligent Wooden Fish,Software,Non-Billable,2027-11-23 04:55:34.151840
448,96,,6574.03,Incredible Cotton Towels,Travel,Non-Billable,2027-11-23 04:55:34.151840
449,96,,8057.86,Luxurious Silk Bike,Equipment,Billable,2027-11-23 04:55:34.151840
450,96,,5730.74,Recycled Gold Hat,Equipment,Non-Billable,2027-11-23 04:55:34.151840
451,96,,5958.88,Fresh Metal Chicken,Software,Billable,2027-11-23 04:55:34.151840
452,96,,4860.49,Handcrafted Bronze Shoes,Software,Non-Billable,2027-11-23 04:55:34.151840
453,99,,4329.59,Frozen Ceramic Keyboard,Software,Billable,2027-12-02 14:34:17.295717
454,99,,3245.09,Unbranded Wooden Fish,Travel,Billable,2027-12-02 14:34:17.295717
455,99,,190.9,Tasty Granite Shirt,Equipment,Billable,2027-12-02 14:34:17.295717
456,99,,1738.89,Handcrafted Cotton Tuna,Equipment,Billable,2027-12-02 14:34:17.295717
457,99,,5110.53,Rustic Rubber Pants,Travel,Billable,2027-12-02 14:34:17.295717
458,98,,4874.77,Fantastic Aluminum Keyboard,Software,Billable,2027-12-11 01:03:23.569795
459,98,,56.88,Recycled Bamboo Sausages,Equipment,Billable,2027-12-11 01:03:23.569795
460,97,,5464.97,Fresh Plastic Chips,Software,Billable,2027-12-20 14:44:15.001468
461,97,,6802.99,Incredible Rubber Tuna,Travel,Billable,2027-12-20 14:44:15.001468
462,97,,6833.14,Ergonomic Granite Chair,Equipment,Billable,2027-12-20 14:44:15.001468
463,97,,9114.54,Handmade Plastic Towels,Equipment,Billable,2027-12-20 14:44:15.001468
464,97,,8016.02,Generic Plastic Soap,Equipment,Non-Billable,2027-12-20 14:44:15.001468
465,97,,3959.12,Oriental Marble Ball,Travel,Billable,2027-12-20 14:44:15.001468
466,100,,4445.89,Practical Rubber Car,Software,Billable,2028-02-03 10:05:38.936856
467,100,,2447.33,Electronic Marble Cheese,Equipment,Non-Billable,2028-02-03 10:05:38.936856
468,100,,3339.57,Licensed Bamboo Mouse,Travel,Non-Billable,2028-02-03 10:05:38.936856
469,100,,5115.2,Soft Bamboo Salad,Travel,Non-Billable,2028-02-03 10:05:38.936856
470,100,,3656.27,Tasty Ceramic Ball,Facilities,Billable,2028-02-03 10:05:38.936856
471,100,,5966.65,Fresh Silk Bike,Other,Non-Billable,2028-02-03 10:05:38.936856
472,101,,6177.0,Modern Aluminum Salad,Other,Non-Billable,2028-03-08 07:05:17.802694
473,101,,6333.74,Rustic Steel Towels,Equipment,Billable,2028-03-08 07:05:17.802694
474,101,,6041.0,Soft Metal Chips,Facilities,Billable,2028-03-08 07:05:17.802694
475,101,,5852.21,Luxurious Plastic Gloves,Travel,Non-Billable,2028-03-08 07:05:17.802694
476,101,,4110.66,Gorgeous Bronze Shirt,Travel,Non-Billable,2028-03-08 07:05:17.802694
477,102,,879.11,Licensed Metal Salad,Software,Billable,2028-04-03 20:06:52.918786
478,102,,7181.93,Modern Concrete Towels,Travel,Billable,2028-04-03 20:06:52.918786
479,102,,5920.11,Modern Silk Tuna,Travel,Billable,2028-04-03 20:06:52.918786
480,102,,5453.01,Tasty Plastic Computer,Equipment,Non-Billable,2028-04-03 20:06:52.918786
481,102,,5508.85,Electronic Metal Pizza,Software,Billable,2028-04-03 20:06:52.918786
482,102,,3756.46,Small Gold Pizza,Travel,Billable,2028-04-03 20:06:52.918786
483,103,,4639.64,Awesome Bamboo Salad,Travel,Non-Billable,2028-06-04 02:53:50.356880
484,103,,7742.95,Modern Silk Tuna,Software,Billable,2028-06-04 02:53:50.356880
485,103,,6309.01,Unbranded Concrete Shoes,Travel,Billable,2028-06-04 02:53:50.356880
486,103,,5186.32,Luxurious Steel Ball,Other,Billable,2028-06-04 02:53:50.356880
487,105,,6373.26,Rustic Bamboo Bike,Travel,Billable,2028-06-19 08:30:57.717110
488,105,,4697.7,Luxurious Wooden Bike,Other,Non-Billable,2028-06-19 08:30:57.717110
489,105,,4200.04,Intelligent Silk Chips,Equipment,Billable,2028-06-19 08:30:57.717110
490,105,,2939.72,Ergonomic Cotton Hat,Other,Non-Billable,2028-06-19 08:30:57.717110
491,105,,4289.77,Ergonomic Gold Tuna,Software,Billable,2028-06-19 08:30:57.717110
492,105,,2400.72,Generic Marble Computer,Travel,Billable,2028-06-19 08:30:57.717110
493,104,,3040.48,Soft Granite Bike,Software,Billable,2028-06-27 21:05:12.806065
494,104,,4207.58,Tasty Gold Sausages,Other,Non-Billable,2028-06-27 21:05:12.806065
495,104,,4658.51,Soft Wooden Salad,Facilities,Non-Billable,2028-06-27 21:05:12.806065
496,104,,187.52,Soft Wooden Chair,Travel,Billable,2028-06-27 21:05:12.806065
497,104,,2086.64,Gorgeous Concrete Keyboard,Travel,Billable,2028-06-27 21:05:12.806065
498,104,,4156.81,Bespoke Concrete Salad,Equipment,Billable,2028-06-27 21:05:12.806065
499,104,,5837.15,Licensed Aluminum Soap,Software,Billable,2028-06-27 21:05:12.806065
500,104,,5719.07,Awesome Gold Chips,Other,Billable,2028-06-27 21:05:12.806065
501,106,,3426.39,Elegant Concrete Mouse,Travel,Non-Billable,2028-08-03 04:57:50.918810
502,106,,3431.01,Elegant Silk Towels,Equipment,Billable,2028-08-03 04:57:50.918810
503,106,,4495.85,Sleek Bronze Soap,Equipment,Billable,2028-08-03 04:57:50.918810
504,108,,5674.73,Ergonomic Wooden Shoes,Software,Billable,2028-08-25 12:16:17.400516
505,108,,4044.3,Luxurious Marble Shirt,Software,Billable,2028-08-25 12:16:17.400516
506,107,,2754.53,Rustic Bronze Pizza,Travel,Billable,2028-08-25 22:51:32.493501
507,107,,6680.71,Rustic Ceramic Chicken,Equipment,Billable,2028-08-25 22:51:32.493501
508,107,,9072.31,Licensed Concrete Bike,Facilities,Billable,2028-08-25 22:51:32.493501
509,107,,9377.0,Handcrafted Bronze Ball,Travel,Billable,2028-08-25 22:51:32.493501
510,107,,4532.59,Handcrafted Aluminum Bike,Equipment,Billable,2028-08-25 22:51:32.493501
511,110,,2903.5,Awesome Ceramic Ball,Software,Billable,2028-09-10 00:28:39.060763
512,110,,3127.11,Handmade Granite Cheese,Other,Billable,2028-09-10 00:28:39.060763
513,110,,2632.31,Sleek Plastic Table,Software,Billable,2028-09-10 00:28:39.060763
514,110,,4899.66,Sleek Granite Table,Equipment,Non-Billable,2028-09-10 00:28:39.060763
515,109,,2499.85,Refined Concrete Towels,Travel,Non-Billable,2028-09-11 19:24:36.103906
516,109,,5702.81,Small Plastic Keyboard,Travel,Non-Billable,2028-09-11 19:24:36.103906
517,109,,4059.86,Luxurious Silk Chips,Equipment,Non-Billable,2028-09-11 19:24:36.103906
518,109,,4407.17,Awesome Granite Chair,Equipment,Non-Billable,2028-09-11 19:24:36.103906
519,109,,2076.01,Elegant Bronze Salad,Travel,Non-Billable,2028-09-11 19:24:36.103906
520,109,,4361.02,Sleek Steel Bacon,Facilities,Billable,2028-09-11 19:24:36.103906
521,111,,5498.74,Small Metal Shirt,Facilities,Billable,2028-09-27 22:50:38.551651
522,111,,4975.71,Refined Metal Table,Software,Billable,2028-09-27 22:50:38.551651
523,111,,7770.97,Modern Marble Chair,Facilities,Billable,2028-09-27 22:50:38.551651
524,112,,3913.05,Bespoke Gold Soap,Software,Non-Billable,2028-10-19 03:26:48.635655
525,112,,4246.87,Luxurious Rubber Computer,Other,Non-Billable,2028-10-19 03:26:48.635655
526,112,,4675.44,Fantastic Plastic Shirt,Software,Billable,2028-10-19 03:26:48.635655
527,112,,4949.31,Bespoke Wooden Gloves,Software,Billable,2028-10-19 03:26:48.635655
528,112,,9703.54,Unbranded Cotton Bike,Facilities,Billable,2028-10-19 03:26:48.635655
529,112,,3895.91,Bespoke Silk Chips,Software,Non-Billable,2028-10-19 03:26:48.635655
530,112,,1393.37,Fantastic Marble Keyboard,Travel,Billable,2028-10-19 03:26:48.635655
531,112,,5534.46,Fresh Silk Bike,Facilities,Billable,2028-10-19 03:26:48.635655
532,113,,1883.85,Modern Metal Cheese,Equipment,Billable,2028-12-03 20:30:39.019970
533,113,,10666.99,Handcrafted Plastic Mouse,Travel,Billable,2028-12-03 20:30:39.019970
534,113,,3430.34,Awesome Granite Salad,Equipment,Billable,2028-12-03 20:30:39.019970
535,113,,6202.52,Sleek Metal Keyboard,Facilities,Non-Billable,2028-12-03 20:30:39.019970
536,113,,631.01,Recycled Plastic Sausages,Travel,Billable,2028-12-03 20:30:39.019970
537,115,,6196.8,Frozen Plastic Pants,Other,Billable,2029-01-01 15:56:17.252320
538,115,,8722.51,Sleek Silk Sausages,Travel,Non-Billable,2029-01-01 15:56:17.252320
539,115,,3107.45,Fantastic Steel Salad,Software,Billable,2029-01-01 15:56:17.252320
540,114,,4297.46,Handmade Ceramic Towels,Software,Billable,2029-01-22 06:17:21.263885
541,114,,3219.25,Recycled Metal Salad,Equipment,Billable,2029-01-22 06:17:21.263885
542,114,,6255.22,Refined Bronze Chicken,Software,Billable,2029-01-22 06:17:21.263885
543,114,,3422.3,Licensed Ceramic Ball,Software,Billable,2029-01-22 06:17:21.263885
544,114,,4477.4,Generic Aluminum Salad,Equipment,Billable,2029-01-22 06:17:21.263885
545,117,,2874.98,Intelligent Metal Mouse,Software,Billable,2029-03-31 05:59:59.009246
546,117,,5507.41,Tasty Concrete Hat,Facilities,Billable,2029-03-31 05:59:59.009246
547,117,,3205.49,Gorgeous Metal Keyboard,Travel,Non-Billable,2029-03-31 05:59:59.009246
548,117,,4684.32,Modern Silk Mouse,Software,Billable,2029-03-31 05:59:59.009246
549,116,,3927.84,Tasty Bamboo Bike,Equipment,Billable,2029-04-03 10:39:33.833991
550,116,,9175.99,Practical Steel Salad,Travel,Billable,2029-04-03 10:39:33.833991
551,116,,6415.43,Generic Granite Shoes,Travel,Billable,2029-04-03 10:39:33.833991
552,116,,7479.87,Oriental Steel Shirt,Equipment,Non-Billable,2029-04-03 10:39:33.833991
553,118,,4782.62,Bespoke Wooden Shirt,Software,Billable,2029-06-24 18:38:26.109189
554,118,,4243.45,Licensed Plastic Soap,Equipment,Billable,2029-06-24 18:38:26.109189
555,118,,5585.9,Handcrafted Cotton Salad,Equipment,Non-Billable,2029-06-24 18:38:26.109189
556,118,,2596.82,Awesome Metal Chips,Equipment,Billable,2029-06-24 18:38:26.109189
557,118,,5188.56,Licensed Cotton Gloves,Equipment,Billable,2029-06-24 18:38:26.109189
558,120,,5056.93,Oriental Aluminum Towels,Software,Billable,2029-09-27 10:40:32.946333
559,120,,5043.46,Handmade Bronze Ball,Travel,Non-Billable,2029-09-27 10:40:32.946333
560,120,,721.77,Soft Wooden Chair,Other,Billable,2029-09-27 10:40:32.946333
561,120,,4708.13,Awesome Plastic Salad,Equipment,Billable,2029-09-27 10:40:32.946333
562,121,,7581.1,Small Bronze Chair,Travel,Non-Billable,2029-09-27 11:34:41.644760
563,121,,6730.31,Rustic Ceramic Pizza,Travel,Billable,2029-09-27 11:34:41.644760
564,121,,3565.22,Refined Aluminum Salad,Travel,Non-Billable,2029-09-27 11:34:41.644760
565,121,,4310.83,Elegant Bronze Soap,Facilities,Billable,2029-09-27 11:34:41.644760
566,121,,2035.17,Awesome Marble Towels,Software,Billable,2029-09-27 11:34:41.644760
567,119,,9476.71,Frozen Silk Sausages,Equipment,Billable,2029-09-29 04:31:01.933786
568,119,,3122.09,Intelligent Bronze Salad,Facilities,Billable,2029-09-29 04:31:01.933786
569,119,,3545.8,Generic Plastic Chair,Software,Non-Billable,2029-09-29 04:31:01.933786
570,122,,1393.19,Sleek Granite Shirt,Software,Billable,2029-11-23 04:06:50.624151
571,122,,7186.25,Handmade Wooden Shoes,Equipment,Non-Billable,2029-11-23 04:06:50.624151
572,122,,4225.5,Elegant Wooden Shirt,Travel,Billable,2029-11-23 04:06:50.624151
573,122,,2805.12,Gorgeous Rubber Salad,Equipment,Non-Billable,2029-11-23 04:06:50.624151
574,122,,5302.07,Fresh Marble Gloves,Travel,Non-Billable,2029-11-23 04:06:50.624151
575,124,,4844.45,Handmade Gold Chicken,Facilities,Non-Billable,2029-12-08 08:04:04.982483
576,124,,4087.79,Luxurious Rubber Soap,Equipment,Billable,2029-12-08 08:04:04.982483
577,124,,5072.94,Intelligent Aluminum Keyboard,Travel,Non-Billable,2029-12-08 08:04:04.982483
578,124,,6822.05,Rustic Metal Chips,Facilities,Non-Billable,2029-12-08 08:04:04.982483
579,124,,3163.59,Generic Aluminum Cheese,Travel,Billable,2029-12-08 08:04:04.982483
580,124,,6281.92,Ergonomic Cotton Mouse,Travel,Billable,2029-12-08 08:04:04.982483
581,123,,4054.29,Elegant Cotton Table,Travel,Billable,2029-12-26 17:16:13.958381
582,123,,3924.85,Incredible Bronze Mouse,Equipment,Billable,2029-12-26 17:16:13.958381
583,123,,7246.08,Handmade Rubber Soap,Travel,Non-Billable,2029-12-26 17:16:13.958381
584,123,,4440.15,Fantastic Silk Towels,Facilities,Billable,2029-12-26 17:16:13.958381
585,123,,4017.94,Refined Concrete Gloves,Other,Non-Billable,2029-12-26 17:16:13.958381
586,123,,4135.91,Small Steel Bacon,Travel,Non-Billable,2029-12-26 17:16:13.958381
587,123,,8615.18,Fantastic Metal Mouse,Travel,Non-Billable,2029-12-26 17:16:13.958381
